Problem,Specialist
আমার তিন দিন যাবত অনেক মাথা ব্যথা,Medicine
আমার প্রায় এক সপ্তাহ ধরে রোদে গেলেই মাথা ধরে যায় আর অনেক বেশি অস্বস্তি লাগে,Medicine
আমার বোনের কয়েকদিন ধরে চোখ আর মাথা ব্যথা,Medicine
আমার মায়ের কপালের দুই দিকে অনেক ব্যথা করে আর নিচের দিকে ঝুকলে মাথা ব্যথা করে,Medicine
আমার অনেক মাথা ব্যথা করে,Medicine
আমার বাবা ছোটো কোনো লিখা পড়তে গেলে ওনার অনেক মাথা ব্যথা করে,Medicine
আমার মায়ের পুরো মাথা ব্যথা করে,Medicine
আমার ছেলের অনেক মাথা ব্যথা করে,Medicine
আমার প্রায় তিন সপ্তাহ ধরে খুশখুশে কাশি।,Medicine
"আমার প্রায় সারা বছরই সর্দি লেগে থাকে, কোনো খাবারের স্বাদ আর গন্ধ পাই না। ",Medicine
আমার প্রায় এক সপ্তাহ ধরে কাশি আর সাথে কফ বের হয়। কফের সাথে রক্ত বের হয়।,Medicine
"আমার নাক বন্ধ, সর্দি আছে আর অনেক হাঁচি আসে। আমার সর্দির সাথে রক্ত পরে।",Medicine
আমার মেয়ের অনেক ঠান্ডা লেগেছে আর সর্দি পরছে। আর খাবারের কোনো স্বাদ পাচ্ছে না।,Medicine
আমি বেশিক্ষন দাঁড়িয়ে থাকতে পারি না।,Medicine
আমার শরীর অনেক দূর্বল লাগে। কিছু নির্দিষ্ট খাবারের গন্ধ ভালো লাগে না। বমি আসে। ,Medicine
আমি ঠিকমত খাওয়া দাওয়া করি কিন্তু তারপরও আমার অনেক দূর্বল লাগে। চোখ বন্ধ হয়ে আসে। কিন্তু ঠিকমত ঘুম হয় না।,Medicine
আমার মাথা ঘোরায় আর বমির ভাব হয়।,Medicine
আমার শরীর অনেক দূর্বল লাগে আর কথা বলতে অসুবিধা হয়।,Medicine
"আমার মাঝে মাঝে বুকে ব্যথা হয়, শরীর দূর্বল লাগে আর সাথে মাথা ঘুরে।",Medicine
আমার বাবার বুক জ্বালা পুড়া করে। ,Medicine
আমার বমি হয় আর বারবার বদহজম হয়।,Medicine
আমার পেট ফুলে শক্ত হয়ে আছে আর অনেক ভাড়ি মনে হচ্ছে।,Medicine
আমার একটু পরপরই ঢেক আসছে আর গলা জলছে। আর বমির ভাব হয়ে আছে।,Medicine
আমার খাবারের মধ্যে বা রাতে পেট জ্বালা পুড়া করে।,Medicine
আমি সাধারণ বিষয় নিয়ে অনেক টেনশন করি।,Medicine
আমার অনেক অস্থিরতা কাজ করে আর অনেক চিন্তা করি। তখন আমার প্রচন্ড ঘাম হয় আর আমার গলা শুকিয়ে যায়।,Medicine
আমার বাবা অল্পতেই অনেক বেশি টেনশন করে আর তখন আব্বুর শরীর অনেক দূর্বল হয়ে যায়।,Medicine
আমার মেয়ে অতিরিক্ত চিন্তা করে আর ঠিকমত খাওয়া দাওয়া করছে না। অনেক দূর্বল হয়ে যাচ্ছে। ওর ওজন কমে যাচ্ছে।,Medicine
আমারহঠাৎ করেই অনেক প্রেসার বেড়ে যায় আর অনেক বেশি পানির পিপাসা লাগে।,Medicine
আমার মায়ের অনেক দূর্বল লাগে আর বমি বমি ভাব হয়। অস্থিরতা কাজ করে। চোখ ফুলে যায়।,Medicine
"আমার অনেক ঘাড়ে ব্যথা, ঠিকমত ঘুম হয় না। চোখে রক্ত জমাট বাধার মত দাগ পরে যায়।",Medicine
"আমার অনেক মাথা ঘোরায়, হার্ট বিট বেড়ে যায়। বমি হয়।",Medicine
"আমার মায়ের অনেক মাথা ব্যথা করে। ঘাড় ব্যথা করে, শ্বাসকষ্ট হয়।",Medicine
আমার একটু পরপরই ক্ষুধা লাগে। আর অনেক দূর্বল লাগে।,Medicine
আমার আব্বুর খাওয়ার ক্রেভিং অনেক বেশি হচ্ছে দিন দিন। আর ঘন ঘন প্রস্রাব হয়।,Medicine
আমার মুখ শুকিয়ে আসে আর পানির পিপাসা লাগে অনেক বেশি।,Medicine
আমি কোনো ব্যথা পেলে বা হাত কেটে গেলে অনেকদিন সময় লেগে যায় সেটা ঠিক হতে।,Medicine
আমার আস্তে আস্তে ওজন কমে যাচ্ছে আর বমি ভাব আর বমি হয়। দূর্বল লাগে।,Medicine
আমার তিন দিন ধরে পেটে অনেক ব্যথা। বমি হচ্ছে।,Medicine
আমার মুখে রুচি নেই আর পেট ব্যথার কারণে কিছু খেতে পারছি না।,Medicine
আমার পেট অনেক মোচড় দিয়ে উঠে আর অনেক পাতলা পায়খানা হচ্ছে।,Medicine
আমার ক্ষুধা লাগে না। পেটে চাপ দিতে গেলে অনেক অস্বস্তি লাগে।,Medicine
আমি বেশিক্ষন হাঁটতে গেলে অনেক শ্বাসকষ্ট হয়।,Medicine
আমার নাক বন্ধ হয়ে থাকে আর নাক দিয়ে শ্বাস নিতে কষ্ট হয়।,Medicine
আমি কিছুক্ষন দৌড়ালে বা সিঁড়ি বেয়ে উঠতে গেলে অনেক শ্বাসকষ্ট হয়।,Medicine
আমি অনেক বেশি চিন্তা করলে আমার হার্ট বিট বেড়ে যায় আর তখন শ্বাস নিতে কষ্ট হয়।,Medicine
আমার অনেক নার্ভাস লাগে। ক্লান্ত লাগে। আর অনেক ঘাম হয়।,Medicine
আমার বুকে ব্যথা হয় আর বেশিক্ষন শ্বাস ধরে রাখতে পারি না।,Medicine
আমার বাবার রাতে ঠিকমত ঘুম হয় না।হঠাৎহঠাৎ লাফ দিয়ে উঠে পরে।,Medicine
আমি অতিরিক্ত টেনশন করলে ঘুম ঠিকমত হয় না অনেক বেশি অস্থিরতা কাজ করে।,Medicine
আমার ঠিকমত ঘুম হয় না আবার রাতে একটু পরপরই ঘুম ভেঙ্গে যায় এরপর ঘুম আসেও না।,Medicine
"আমি কাজে ঠিকমত মনোযোগ দিতে পারি না, ঘুম ঠিকমত হয় না খুব তারাতারি ভুলে যাই।",Medicine
আমার ছেলের গত সাত দিন যাবত অনেক জ্বর। খাবারের স্বাদ তিতা লাগে। ,Medicine
"আমার মাথা প্রচন্ড ব্যথা, জ্বর প্রায় ১০২ ডিগ্রি থাকে। শরীরে পানি লাগলে অনেক ব্যথা করছে।",Medicine
আমার মেয়ের রাতের বেলা জ্বর আসে।,Medicine
"আমার অনেক ঠান্ডা, সর্দি আছে। সাথে জ্বর প্রায় ১০৩ ডিগ্রির মত ছিলো। একটু পর পর জ্বর আসছে।",Medicine
"আমার খাবারের কোনো রুচি নাই, অনেক জ্বর। পাতলা পায়খানা হচ্ছে আর সাথে বমি।",Medicine
আমার প্রস্রাবের অনেক চাপ আসে কিন্তু সেই তুলনায় খুব কম প্রস্রাব হয়। আর অনেক ব্যথা করে।,Medicine
আমার প্রস্রাবের রঙ অনেকটা লালচে আর অনেক গন্ধ হয়।,Medicine
আমার মেয়ের প্রস্রাব করার সময় অনেক জ্বালাপুড়া করে। আর বমি করে।,Medicine
আমার অনেক পেটে ব্যথা করে আর প্রস্রাবের নালী ব্যথা করে।,Medicine
আমার সারা শরীরে পানি এসে ফুলে গিয়েছে,Medicine
আমার বাবার পায়ে অনেক পানি আসছে আর অনেক ব্যথা করছে,Medicine
আমার মামার চোখ মুখ ফুলে গিয়েছে,Medicine
আমার চাচার প্রেসার অনেক বেশি আর শরীরে পানি আসে,Medicine
আমার বাবার শরীরে অনেক পানি আসে আর শরীর ভাড় হয়ে থাকে। ভালোভাবে চলাফেরা করতে পারে না,Medicine
"রোদে গেলে আমার অনেক মাথা ব্যথা করে। বিশেষ করে কপালে, ভ্রু এর দুই দিকে খুব ব্যথা করে।",Medicine
আমি কোনো শব্দ বেশিক্ষন ধরে শুনলে অশান্তি লাগে আর মাথা ব্যথা শুরু হয়ে যায়,Medicine
আমার বাবার অনেক মাথা ব্যথা করে,Medicine
আমার মামার মাথার পিছনের দিকে অনেক ব্যথা করে,Medicine
আমি কোনো কিছু মনে করতে গেলে অনেক বেশি মাথা ব্যথা শুরু হয়ে যায়,Medicine
আমি কোনো বিষয় নিয়ে অতিরিক্ত টেনশন করি,Medicine
আমার অনেক অস্থির লাগে আর বুক ধরফর করে,Medicine
আমার প্রেসার অনেক বেশি থাকে আর ঠিকমত ঘুম হয় না,Medicine
আমার ঘাড় ব্যথা করে আরহঠাৎ করে প্রেসার বেড়ে যায়,Medicine
আমার সবসময় প্রেসার অনেক বেশি থাকে,Medicine
আমি অল্প বিষয় নিয়ে অনেক বেশি অস্থির হয়ে পরি আর অনেক প্রেসার বেড়ে যায়,Medicine
আমার মায়ের রাতে ঠিকমত ঘুম হয় না,Medicine
আমি অতিরিক্ত টেনশন করলে ঘুম ঠিকমত হয় না ,Medicine
আমার ঠিকমত ঘুম হয় না আবার রাতে একটু পরপরই ঘুম ভেঙ্গে যায় এরপর ঘুম আসেও না।,Medicine
"আমার ছেলে কাজে ঠিকমত মনোযোগ দিতে পারি না, ঘুম ঠিকমত হয় না খুব তারাতারি ভুলে যাই।",Medicine
আমার মেয়ের গত ৫ দিন যাবত অনেক জ্বর,Medicine
"আমার মাথা প্রচন্ড ব্যথা, জ্বর প্রায় ১০৩ ডিগ্রি থাকে। শরীরে পানি লাগলে অনেক ব্যথা করছে।",Medicine
আমার ছেলের রাতের বেলা জ্বর আসে।,Medicine
"আমার অনেক ঠান্ডা, সর্দি সাথে জ্বর প্রায় ১০২ ডিগ্রির মত ছিলো। একটু পর পর জ্বর আসছে।",Medicine
"আমার খাবারের কোনো রুচি নাই, অনেক জ্বর। পাতলা পায়খানা হচ্ছে আর সাথে বমি।",Medicine
আমার প্রস্রাবের অনেক চাপ আসে কিন্তু সেই তুলনায় খুব কম প্রস্রাব হয়। আর অনেক ব্যথা করে।,Medicine
আমার প্রস্রাবের রঙ অনেকটা লালচে আর অনেক গন্ধ হয়।,Medicine
আমার মেয়ের প্রস্রাব করার সময় অনেক জ্বালাপুড়া করে আর বমি করে।,Medicine
আমার অনেক পেটে ব্যথা করে আর প্রস্রাবের নালী ব্যথা করে।,Medicine
আমার বাবার বুক জ্বালা পুড়া করে। ,Medicine
আমার বমি হয় আর বারবার বদহজম হচ্ছে,Medicine
আমার পেট ফুলে শক্ত হয়ে আছে আর অনেক ভাড়ি মনে হচ্ছে।,Medicine
আমার একটু পরপরই ঢেক আসছে আর গলা জ্বলছে।  আর বমির ভাব হয়ে আছে।,Medicine
আমার খাবারের মধ্যে বা রাতে পেট জ্বালা পুড়া করে।,Medicine
আমার মা অতিরিক্ত চিন্তা করে আর ঠিকমত খাওয়া দাওয়া করছে না। অনেক দূর্বল হয়ে যাচ্ছে। ওর ওজন কমে যাচ্ছে।,Medicine
আমার মায়ের সারা শরীরে পানি আসছে,Medicine
আমার পায়ে পানি আসছে। ঠিকমত হাঁটতে পারছি না,Medicine
আমার মায়ের চোখ ভাড় হয়ে থাকে ঘুম ঘুম ভাব হয়ে থাকে। অশান্তি লাগে,Medicine
আমার মায়ের শরীর ভাড় ভাড় লাগে ঠিকমত চলাফেরা করতে পারছে না,Medicine
আমার মাথা আর ঘাড় ব্যথা করে,Medicine
আমার ঠিকমত ঘুম হয় না অনেক অশান্তি লাগে,Medicine
আমার মায়ের শরীর চুল্কায় আর শরীর শিরশির করে উঠে,Medicine
আমার শরীরের কোনো অংশে কেটে গেলে সহজে রক্তক্ষরণ বন্ধ হয় না,Medicine
আমার শরীর অনেক দূর্বল লাগে ঠিকমত হাঁটতে পারি না,Medicine
আমার মা বসা অবস্থা থেকে উঠতে গেলে মাথা ঘুরে উঠে চোখে অন্ধকার দেখি,Medicine
আমার মায়ের রক্তশুন্যতা দেখা দিয়েছে,Medicine
আমার অনেক মাথা ব্যথা করে,Medicine
আমি মাথা ব্যথার যন্ত্রণায় দৈনন্দিন কাজগুলো ঠিকমত করতে পারি না,Medicine
আমার মা নিচের দিকে ঝুকলে মাথা টনটন করে আর অন্ধকার দেখে,Medicine
রোদে যাওয়ার সাথে সাথে আমার মাথা ধরে যায়,Medicine
আমার বাবা কোনো শব্দ বেশিক্ষন সহ্য করতে পারে না। অনেক মাথা ব্যথা করে,Medicine
আমার কপালের দুইদিকে আর গালের দুই চোয়ালের হাড় অনেক ব্যথা করে,Medicine
আমার নানুর মাথা অনেক যন্ত্রণা করে,Medicine
আমার কপাল অনেক ব্যথা করে। ছোটো লিখা পড়তে গেলে চোখ আর কপাল ব্যথা করে,Medicine
আমার মায়ের পায়ে পানি আসে,Medicine
আমার ছেলের মাথার পিছনে প্রচন্ড ব্যথা করে,Medicine
আমার অনেক গ্যাস্ট্রিকের সমস্যা করে,Medicine
আমার মাঝে মাঝেই হজমে সমস্যা হয়। পেট ফুলে ফেপে থাকে আর অনেক ব্যথা করে। ,Medicine
আমার মাঝে মাঝেই বমি হয় আর অনেক মাথা ব্যথা করে সাথে মাথা ঘোরায়,Medicine
আমি বেশিক্ষন দাঁড়িয়ে থাকতে পারি না পায়ের গোরালি ব্যথা করে,Medicine
আমি বেশিক্ষন হাঁটলে পায়ে পানি চলে আসে,Medicine
"আমার বাবার পিঠ, মাজা অনেক ব্যথা করে",Medicine
আমার দাদুর ডায়াবেটিস কমছে না,Medicine
আমার অনেক অস্থির লাগে,Medicine
আমার পেট ব্যথা করে,Medicine
আমার মেয়ের অনেক মাথা ব্যথা করে আর বমি করে তখন,Medicine
আমার গলা অনেক ব্যথা করছে আর কিছু খেতে গেলে গলায় কিছু বাধছে এমন মনে হচ্ছে আর ব্যথাও করে অনেক,Medicine
আমার আম্মুর পায়ে অনেক ব্যথা করে বেশি দূর হাঁটতে পারে না,Medicine
আমার সারা শরীরে পানি আসে আর শরীর ভার হয়ে থাকে,Medicine
আমি কোনোভাবেই ওজন কমাতে পারছি না,Medicine
আমার ছেলের কপালে গোটার মত বের হয়েছে,Medicine
আমার নাক বন্ধ আর সর্দির সাথে রক্ত পরে,Medicine
আমার অনেক হাঁটুতে অনেক ব্যথা করে,Medicine
আমার প্রায় ৩ সপ্তাহ ধরে খুশখুশে কাশি,Medicine
আমি বেশিক্ষন দাঁড়িয়ে থাকতে পারি না,Medicine
"আমার মেয়ের থুতনির নিচে দুই পাশে অনেক ব্যথা করছে। ঠিকমত খেয়ে পারছে না। হা করতে পারছে না, কিছু চাপাতে গেলে ব্যথা পাচ্ছে। আর বাম পাশ ফুলে গেছে।",Medicine
"আমার মাসেলে অনেক ব্যথা করে, ঘুম ঠিকমত হয় না। অনেক ক্লান্ত লাগে।",Medicine
আমি সাধারণ বিষয় নিয়ে অনেক টেনশন করি,Medicine
আমার বমি হয় আর বারবার বদহজম হচ্ছে,Medicine
আমার হঠাৎ করেই অনেক প্রেসার বেড়ে যায় আর অনেক বেশি পানির পিপাসা লাগে।,Medicine
আমার একটু পরপরই ক্ষুধা লাগে। আর অনেক দুর্বল লাগে।,Medicine
আমার ৩ দিন ধরে পেটে অনেক ব্যথা। বমি হচ্ছে,Medicine
আমি বেশিক্ষন হাঁটতে গেলে অনেক শ্বাসকষ্ট হয়,Medicine
আমার মায়ের রাতে ঠিকমত ঘুম হয় না।হঠাৎ হঠাৎ লাফ দিয়ে উঠে পড়ে।,Medicine
আমার মেয়ের গত সাত দিন যাবত অনেক জ্বর। খাবারের স্বাদ তিতা লাগে। ,Medicine
আমার গলায় ফুলে লাল হয়ে আছে। আর মারাত্মক ব্যথা করছে।,Medicine
আমার প্রস্রাবের অনেক চাপ আসে কিন্তু সেই তুলনায় খুব কম প্রস্রাব হয়। আর অনেক ব্যথা করে।,Medicine
আমার ঠিকমত ঘুম হয় না আবার রাতে একটু পরপরই ঘুম ভেঙ্গে যায় এরপর ঘুম আসেও না।,Medicine
আমার নাক বন্ধ হয়ে থাকে আর নাক দিয়ে শ্বাস নিতে কষ্ট হয়।,Medicine
আমার মুখে রুচি নেই আর পেট ব্যথার কারণে কিছু খেতে পারছি না।,Medicine
আমার আম্মুর খাওয়ার ক্রেভিং অনেক বেশি হচ্ছে দিন দিন। আর ঘন ঘন প্রস্রাব হয়।,Medicine
আমার মায়ের অনেক দুর্বল লাগে আর বমি বমি ভাব হয়। অস্থিরতা কাজ করে। চোখ ফুলে যায়।,Medicine
আমার মা অল্পতেই অনেক বেশি টেনশন করে আর তখন আম্মুর শরীর অনেক দুর্বল হয়ে যায়।,Medicine
আমার প্রচন্ড গলা ব্যথা আর গলা ভেঙ্গে গেছে। আমার কণ্ঠ অনেক কর্কশ হয়ে গিয়েছে।,Medicine
"আমার মাসেলে অনেক ব্যথা করে, ঘুম ঠিকমত হয় না",Medicine
আমার মেয়ে ছোটো কোনো লিখা পড়তে গেলে ওর মাথা ব্যথা করে,Medicine
আমার প্রায় এক সপ্তাহ ধরে রোদে গেলেই মাথা ধরে যায় আর অনেক বেশি অস্বস্তি লাগে,Medicine
আমার নাক বন্ধ আর সর্দির সাথে রক্ত পরে,Medicine
আমার বাবা ছোটো কোনো লিখা পড়তে গেলে ওনার মাথা ব্যথা করে,Medicine
সিঁড়ি বেয়ে উঠতে গেলেই আমার অনেক হাঁটুতে অনেক ব্যথা করে,Medicine
আমার প্রায় ৩ সপ্তাহ ধরে খুশখুশে কাশি,Medicine
আমার মাথা ঘোরায় আর বমির ভাব হয় আর আমি বেশিক্ষন দাঁড়িয়ে থাকতে পারি না,Medicine
আমি প্রায় এক মাস আগে হাঁটুতে ব্যথা পাই কিন্তু এই ব্যথা এখনো ঠিক হচ্ছে না,Medicine
আমার পেট ফুলে শক্ত হয়ে আছে আর অনেক ভাড়ি মনে হচ্ছে।,Medicine
আমার অনেক অস্থিরতা কাজ করে আর অনেক চিন্তা করি। তখন আমার প্রচন্ড ঘাম হয় আর আমার গলা শুকিয়ে যায়।,Medicine
আমার মুখ শুকিয়ে আসে আর পানির পিপাসা লাগে অনেক বেশি।,Medicine
আমার মুখে রুচি নেই আর পেট ব্যথার কারণে কিছু খেতে পারছি না।,Medicine
আমার মায়ের রাতে ঠিকমত ঘুম হয় না। ঘুম অনেক পাতলা,Medicine
"আমার মাথা প্রচন্ড ব্যথা, জ্বর প্রায় ১০২ ডিগ্রি থাকে। শরীরে পানি লাগলে অনেক ব্যথা করছে।",Medicine
আমার গলায় ফুলে লাল হয়ে আছে। আর মারাত্মক ব্যথা করছে।,Medicine
আমার প্রস্রাবের অনেক চাপ আসে কিন্তু সেই তুলনায় খুব কম প্রস্রাব হয়। আর অনেক ব্যথা করে।,Medicine
আমার দাদু অযথা অনেক টেনশন করে আর সারাক্ষন অস্থির থাকে,Medicine
আমার বোনের ২ মাস ধরে কণ্ঠ বদলে যাচ্ছে অনেক কর্কশ হয়ে যাচ্ছে। ,Medicine
আমার ফুফুর থায়রয়েডের সমস্যা ধরা পরেছে কিন্তু এটার কি চিকিৎসা করাবে ঠিক বুঝতে পারছে না,Medicine
"আমার অনেক গলা ব্যথা, সর্দি আর কাশি",Medicine
আমার খুশখুশে কাশি হয় আর কফ অনেক ঘন হয়। সাথে অনেক সময় রক্তও পরে।,Medicine
"আমার মামা সিঁড়ি বেয়ে উঠতে গেলে অনেক সময় পা নাড়াতে পারেন না, অনেক যন্ত্রণা করে",Medicine
আমার মেয়ের অনেক ঠান্ডা লেগেছে আর সর্দি পরছে। আর খাবারের কোনো স্বাদ পাচ্ছে না,Medicine
"আমার নাক, গাল, থুতনি আর কপালে চুল্কায় আর লাল হয়ে যায়।",Medicine
"আমার ছেলের মাসেলে অনেক ব্যথা করে, ঘুম ঠিকমত হয় না। অনেক ক্লান্ত লাগে",Medicine
আমার ভাতিজির খাবারের মধ্যে বা রাতে পেট জ্বালা পুড়া করে।,Medicine
আমার মেয়ে অতিরিক্ত চিন্তা করে আর ঠিকমত খাওয়া দাওয়া করছে না। অনেক দুর্বল হয়ে যাচ্ছে,Medicine
আমার বোন অনেক রোগা হয়ে যাচ্ছে,Medicine
"আমার মায়ের অনেক মাথা ব্যথা করে। ঘাড় ব্যথা করে, শ্বাসকষ্ট হয়।",Medicine
আমার আস্তে আস্তে ওজন কমে যাচ্ছে আর বমি ভাব আর বমি হয়। দুর্বল লাগে।,Medicine
আমার ক্ষুধা লাগে না। পেটে চাপ দিতে গেলে অনেক অস্বস্তি লাগে।,Medicine
আমার অনেক নার্ভাস লাগে। ক্লান্ত লাগে। আর অনেক ঘাম হয়।,Medicine
"আমি কাজে ঠিকমত মনোযোগ দিতে পারি না, ঘুম ঠিকমত হয় না খুব তারাতারি ভুলে যাই।",Medicine
আমার ছেলের রাতের বেলা জ্বর আসে।,Medicine
আমার অনেক পেটে ব্যথা করে আর প্রস্রাবের নালী জ্বলে,Medicine
আমার বাচ্চার হাম হয়েছে মনে হচ্ছে,Medicine
আমার পানির পিপাসা লাগে অনেক বেশি,Medicine
আমার শরীর অনেক বেশি দুর্বল মনে হয়,Medicine
আমার শরীর ব্যথা অনেক এবং অনেক জ্বর শরীরে,Medicine
আমার অনেক ঘন ঘন পায়খানা হচ্ছে,Medicine
আমার বাবার পাতলা-পায়খানা কোন ভাবেই থামছে না,Medicine
আমার হাতে বড় গোটার মত কি যেন হয়েছে কিন্তু কোন ব্যথা নেই,Medicine
"আমার বমি, ডায়রিয়া, শরীর ব্যথা সব এক সাথে শুরু হয়েছে",Medicine
আমার অনেক অস্থির লাগে হঠাত হঠাত ,Medicine
আমার বাচ্চার মাঝে মাঝে দাঁত লেগে অজ্ঞান হয়ে যায়,Medicine
দাঁত চেপে ধরে হঠাত করে মেঝেতে শুয়ে পরে শরীর কাঁপতে কাঁপতে ,Medicine
দাদার দুই দিন ধরে মুখে কোনো স্বাদ নেই ,Medicine
আমার মা এর অনেক বেশি ঘুম ভেঙ্গে যায় ,Medicine
বাবা কয়েকদিন ধরে বলছে তার অনেক বেশি তলপেট ব্যথা করছে ,Medicine
আমার শরীর ব্যথা হয়ে অনেক জ্বর আসে,Medicine
আমার গলা ব্যথা এবং আমি অনেক কিছুর স্বাদ পাই না সাথে আমি কিছুর গন্ধ পাইনা,Medicine
রাতের বেলা আমার হঠাৎ করে নিঃশ্বাস নিতে কষ্ট হয়,Medicine
আমার পায়খানা করতে অনেক কষ্ট হয়। পায়ু পথে অনেক ব্যথা করে। অনেক জ্বলে,Medicine
আমার বাসায় একই সাথে সবার জ্বর হয়েছে,Medicine
আমার অনেক বেশি চিন্তা হয় অনেক ছোট ব্যাপারেও,Medicine
আমাদের বাসায় সবার ডায়রিয়া হয়েছে কিন্তু কোন ওষুধ কাজ করছে না,Medicine
আমার পায়ু পথে অনেক বেশি চুল্কায়,Medicine
আমি অল্প কাজ করলেই হাপাই যাই,Medicine
আমার পায়ে টিউমারের মত কি যেন হয়েছে হাল্কা ব্যথা আছে,Medicine
আমার কয়েকদিন যাবত পায়ের তালু ব্যথা করে,Medicine
একটু গরম লাগলেই আমার মাথা ঘুরায় এবং বমি বমি লাগে,Medicine
দিন দিন অনেক অমনোযোগি হয়ে যাচ্ছি,Medicine
আমি অনেক বেশি হতাশ হয়ে যাই,Medicine
আমার অনেক বেশি গলা শুকায় যায় এবং ঘন ঘন জ্বর আসে,Medicine
কালকে থেকে আমার অনেক বেশি গাল এবং গলা ফুলে গিয়েছে,Medicine
আমার গলার দুই পাশে ফুলে গিয়েছে,Medicine
আমার পুরো শরীরে ছোট ছোট অনেক গোটা হয়েছে,Medicine
আমার ছেলের অনেক জ্বর এবং সারা শরীরে গোটা উঠেছে ,Medicine
আমার বোনের গালের এক পাশে কোনো বোধ শক্তি নেই এবং চোখ বন্ধ করতে পারে না ,Medicine
আমি চারদিন যাবত অনেক বেশি দুর্বল এবং খাবার খেলেও অরুচি হয়,Medicine
আমার ঘুম আসে না হাজার চেষ্টা করেও,Medicine
আমি কোনো ভাবেই সোজা হয়ে বসলে পিঠে ব্যথা করে,Medicine
আমার বাচ্চার গায়ে ছোট ছোট লাল গুটির মত হচ্ছে আর গায়ে প্রচুর জ্বর,Medicine
আমার পায়ের আঙ্গুল ফুলে আছে আর প্রচুর ব্যথা করছে।,Medicine
আমার জিহ্বায় ঘা হয়েছে প্রায় অনেকদিন হল। এখনো ঠিক হচ্ছে না। ,Medicine
আমার নানু সকালে মাথা ঘুরায় পরে গিয়েছিলো। অজ্ঞান ছিলো। সেন্স আসার পর থেকে বমি করছে ,Medicine
আমার ছেলের অ্যাপেনডিসাইটিসের অপারেশন করা হয়েছিলো কিন্তু ওর পেট ব্যথা এখনো ঠিকমত কমে নাই,Medicine
"আমার শরীর অনেক ব্যথা করে ঠিকমত নরমাল কাজও করতে পারি না, দুর্বল লাগে",Medicine
আমি প্রস্রাব করার সময় অনেক জ্বলে আর প্রস্রাবের রঙও হলদে,Medicine
আমার পায়ু পথে অনেক চুল্কায়,Medicine
"আমার পায়খানা অনেক শক্ত আর পায়ু পথে অনেক জ্বলে, ব্যথা করে। সাথে রক্তও পরে",Medicine
আমার মেয়ে পানি খুব কম খায় আর মুখে খুব অরুচি ওর,Medicine
"আমার ঠিকমত ঘুম হয় না, মাঝে মাঝে বাজে স্বপ্ন দেখি",Medicine
আমার মেয়ে ঘুমের মধ্যে হাঁটতে শুরু করে দেয়,Medicine
আমার বাবার অনেক জ্বর আর সাথে পাতলা পায়খানা হচ্ছে,Medicine
আমার মামির একটি কিডনি অপারেশন করে ফেলে দেওয়া হয়েছিলো। কিন্তু মামির আরেকটি কিডনিও ভালো অবস্থায় নেই। এখন কোন ডাক্তার দেখানো যায়?,Medicine
আমার মাজা অনেক ব্যথা করে আর শরীরে পানি আসছে,Medicine
আমার আম্মুর পেট ফুলে ফেপে শক্ত হয়ে আছে আর অনেক ব্যথা করছে,Medicine
আমার ভাতিজার অনেক পাতলা পায়খানা হচ্ছে,Medicine
আমার অনেক পায়খানার চাপ আসে কিন্তু পায়খানা করতে গেলে পায়খানা অনেক কশা হয়ে থাকে। এতে করে আমার পেটেও অনেক ব্যথা করে,Medicine
আমার ছেলের ডায়রিয়া হয়েছে আর অনেক জ্বর আসছে,Medicine
আমার আব্বুর শরীরের জয়েন্টে জয়েন্টে অনেক ব্যথা করে। ,Medicine
আমার মামার প্রেসার অনেক নিচে নেমে যাওয়ার পর হঠাৎ করে দাঁড়ানো অবস্থায় পরে যায়। আর অজ্ঞ্যান হয়ে যায়। জ্ঞ্যান আসার পর থেকে বমি করেই যাচ্ছে,Medicine
আমার পেটের ডান দিকে অনেক ব্যথা করে। সহ্য করার মত না,Medicine
আমার অনেক দুর্বল লাগে,Medicine
আমার মেয়ে ঠিকমত খাওয়া দাওয়া করে না। ওর ওজন কমে যাচ্ছে আর অনেক দুর্বল,Medicine
আমার আম্মুর চোখে লাল দলার মত জমে গেছে। ,Medicine
"আমি ধুলায় গেলেই আমার নাক, মুখ চুল্কায় আর অনেক হাঁচি আসে",Medicine
আমার আব্বুর বাম হাতের আর বাম পায়ের বৃদ্ধ আঙ্গুল ফুলে আছে আর অনেক ব্যথা করছে,Medicine
আমার আম্মুর মাজা আর পিঠ অনেক ব্যথা করে। মাঝে মধ্যে হাত তুলে কোনো কাজ করতে পারে না। হাত একদম ব্যথায় অবশ হয়ে আসে,Medicine
আমার নাতনির একদম পানির মত পাতলা পায়খানা হচ্ছে,Medicine
আমার মনে হয় অ্যাপেনডিসাইটিসের ব্যথা করছে অনেক,Medicine
আমার ডায়বেটিস অনেক বেড়ে যায় হঠাৎ করে আর তখন শরীর অনেক খারাপ লাগে,Medicine
আমার খুব ঘুম ঘুম লাগে কিন্তু ঠিকমত ঘুমও হয় না,Medicine
আমার নাতির বয়স ১ বছর। নাতির শরীরে লাল লাল দাগ পরেছে আর ও হয়ত অনেক ব্যথা পায় তাই কান্না করে। ওর জ্বরও আসছে,Medicine
আমার মেয়ে বুকের দুধ খাওয়ার সময় নাকে মুখে উঠে যায় এরপর ওর শ্বাস বন্ধ হয়ে আসছে মনে হচ্ছে,Medicine
আমি বেশিক্ষন হাঁটলে পায়ের গোরালি ব্যথা করে। তখন দাঁড়াতেই পারি না,Medicine
আমার মেয়ের শরীর অনেক দুর্বল খাওয়া দাওয়া করছে না,Medicine
আমার বাচ্চার অনেক পাতলা পায়খানা হচ্ছে একদম পানির মত,Medicine
আমার চাচা প্রায় ১ সপ্তাহ ধরে একবারো প্রস্রাব করে না। এমনকি প্রস্রাবের চাপও নাকি আসে নি,Medicine
আমার বাবার হাত অনেক ব্যথা করে নাড়াতেই পারে না,Medicine
আমার আব্বুর প্রেসার অনেক বেড়ে গেছে আর আব্বুর মাথা খুব যন্ত্রণা করছে,Medicine
আমার হঠাৎ করে মাথা অনেক যন্ত্রণা করতে শুরু করে আর তখন আমার অনেক বমি হয়,Medicine
আমার খুব শ্বাস কষ্ট হয়,Medicine
আমার খালা হঠাৎ করে হাত পা নাড়াতে পারছে না একদম অবশ হয়ে গেছে,Medicine
আমার অনেক পাতলা পায়খানা হচ্ছে আর সাথে অনেক শ্বাস কষ্ট হচ্ছে,Medicine
আমার অনেক ঠান্ডা লেগেছে সর্দি বের হচ্ছে আর তার সাথে রক্তও পরছে,Medicine
আমার মাথায় গোটা বের হয়েছে আর এগুলো অনেক চুল্কায় বিচির মত বের হয়।,Medicine
আমার ছেলের সারা শরীর অনেক ব্যথা করে আর একেক সময় একেক জায়গায় ব্যথা করে। ,Medicine
আমার ভাইয়ার পেট ফুলে ফেপে আছে আর বমি করছে,Medicine
আমি প্রস্রাব করতে গেলে অনেক জ্বালা পুড়া করে আর প্রস্রাবের রঙও হলুদ। আর বেশি প্রস্রাবও হয় না,Medicine
আমার দুধ জাতীয় কোনো খাবার খেলেই পেট খারাপ হয় আর অনেক বুক জ্বালা পুড়া করে,Medicine
আমার গলা খুব জ্বালা করছে এবং কাশি হচ্ছে।,Medicine
আমার শরীরে খুব দুর্বল লাগছে এবং জ্বর জ্বর ভাব।,Medicine
আমার খাওয়ার রুচি একেবারেই চলে গেছে।,Medicine
আমার হঠাৎ করে গা কাঁপিয়ে জ্বর আসে।,Medicine
আমার পেটের ডান পাশে ব্যথা হচ্ছে কয়েকদিন ধরে।,Medicine
আমার গায়ে ঘাম হচ্ছে কিন্তু জ্বর নেই।,Medicine
আমার কানে যেন চাপ অনুভব হচ্ছে এবং শুনতে অসুবিধা হচ্ছে।,Medicine
"আমার দুই হাঁটুতে ব্যথা করে, বিশেষ করে রাতে।",Medicine
আমার বুকে ব্যথা হয় মাঝে মাঝে এবং শ্বাস নিতে কষ্ট হয়।,Medicine
আমার হাত-পা প্রায়ই ঝিনঝিন করে।,Medicine
"আমার নাক প্রায়ই বন্ধ হয়ে যায়, বিশেষ করে রাতে।",Medicine
আমার অনেক দিন ধরে পেট পরিষ্কার হয় না।,Medicine
আমার ঘাড়ের পেছনে ব্যথা হচ্ছে এবং পেশি টান লাগছে।,Medicine
"আমার দাঁত ও মাড়িতে ব্যথা হচ্ছে, জ্বর নেই।",Medicine
আমার ঘন ঘন বমি বমি লাগে এবং অজস্র ঢেকুর উঠে।,Medicine
আমার সকালে ঘুম থেকে উঠার পর মাথা ঘোরে।,Medicine
আমার হাতের আঙ্গুল ফুলে উঠেছে এবং ব্যথা করছে।,Medicine
আমার বুক ধড়ফড় করে এবং ঘাম হচ্ছে খুব।,Medicine
আমার পেটের মধ্যে কেমন যেন মোচড় দেয়।,Medicine
আমার পা ফুলে গেছে এবং খুব ভারী লাগে।,Medicine
আমার জিহ্বা শুকিয়ে যাচ্ছে এবং মুখে দুর্গন্ধ হচ্ছে।,Medicine
আমার পিঠে ব্যথা হয় বিশেষ করে যখন আমি বসি।,Medicine
আমার কাঁধে ব্যথা হচ্ছে এবং হাত তুলতে পারছি না।,Medicine
আমার শ্বাস নিতে কষ্ট হয় যখন একটু হেঁটে উঠি।,Medicine
আমার ডান হাতে মাঝে মাঝে অসাড় হয়ে যায়।,Medicine
আমার ত্বকে চুলকানি হচ্ছে এবং লালচে হয়ে গেছে।,Medicine
আমার চোখে ঝাপসা দেখছি এবং চোখ ব্যথা করছে।,Medicine
আমার ঘুম ঠিকমতো হচ্ছে না গত কিছুদিন ধরে।,Medicine
আমার মাথা ভার ভার লাগছে সারাদিন।,Medicine
আমার বাম পায়ের গোড়ালি ব্যথা করছে হাঁটলে।,Medicine
আমার মুখে মাঝে মাঝে হঠাৎ করে জ্বালা অনুভব হয়।,Medicine
আমার শরীরে গায়ে জ্বালাপোড়া হয় বিকেল বেলায়।,Medicine
আমার ঘাড় stiff হয়ে গেছে এবং বাঁকাতে পারি না।,Medicine
আমার শরীর খুব গরম গরম লাগছে কিন্তু থার্মোমিটারে জ্বর দেখায় না।,Medicine
আমার গলায় ঢোক গিলতে কষ্ট হয়।,Medicine
আমার হাত কাপছে এবং দুর্বল বোধ করছি।,Medicine
আমার চোখে পানি পড়ে সব সময়।,Medicine
আমার অনেকদিন ধরে হাঁচি হচ্ছে এবং নাক দিয়ে পানি পড়ছে।,Medicine
আমার ডান পাশে পেট ফোলাভাব অনুভব করছি।,Medicine
আমার ঘুম ভেঙে যায় বার বার রাতে।,Medicine
আমার বমি হলে রক্ত আসে মাঝে মাঝে।,Medicine
আমার প্রস্রাবে জ্বালাপোড়া হচ্ছে।,Medicine
আমার বুক ধকধক করে এবং ভীষণ চিনচিনে ব্যথা হয়।,Medicine
আমার পেট ফাঁপা এবং বাথরুমে যেতে সমস্যা হচ্ছে।,Medicine
আমার বাম হাতে ব্যথা হচ্ছে যখন কিছু তুলতে যাই।,Medicine
আমার নাভির পাশে ব্যথা শুরু হয়েছে।,Medicine
আমার গলায় কিছু আটকে আছে মনে হয় সবসময়।,Medicine
আমার দাঁতের গোড়া থেকে রক্ত বের হয়।,Medicine
আমার মাথার পিছনে ব্যথা হয় মাঝে মাঝে।,Medicine
আমার হাঁপানি বেড়ে গেছে কিছুদিন ধরে।,Medicine
আমার অনেকদিন ধরে ক্ষুধা লাগে না।,Medicine
আমার বাম চোখ লাল হয়ে আছে এবং ব্যথা করছে।,Medicine
আমার নাক দিয়ে রক্ত পড়ছে হঠাৎ করে।,Medicine
আমার হাত-পা ঠান্ডা হয়ে থাকে সবসময়।,Medicine
আমার পেট ব্যথা করে যখন আমি খালি পেটে থাকি।,Medicine
আমার পেটের নিচে ব্যথা হচ্ছে হালকা করে।,Medicine
আমার অনেকদিন ধরে ক্লান্তি যাচ্ছে না।,Medicine
আমার গায়ে দাগ পড়ছে এবং চুলকাচ্ছে।,Medicine
আমার পায়খানা নিয়মিত নয় এবং কালো রঙের।,Medicine
"আমার শরীর দুর্বল লাগে, চোখে সরষে ফুল দেখি।",Medicine
আমার কান বাজে এবং মাঝে মাঝে ব্যথা হয়।,Medicine
আমার মাথা ধরে এবং কানে গুঞ্জন শোনা যায়।,Medicine
আমার শরীরের এক পাশে অবশ হয়ে যায় কখনও কখনও।,Medicine
আমার রাতে ঘুমানোর সময় বুক চেপে আসে।,Medicine
আমার শরীরে মাঝে মাঝে ঝাঁকুনি দেয়।,Medicine
আমার হাত-পা কাঁপে উত্তেজনায়।,Medicine
আমার নাকে পুঁজ জমে যায় বারবার।,Medicine
আমার চোখের পাতা ফুলে গেছে।,Medicine
আমার পেট ফুলে থাকে সবসময়।,Medicine
আমার গলার স্বর বদলে গেছে কয়েকদিন ধরে।,Medicine
আমার দুই হাতে খুব ঘাম হয় সারাদিন।,Medicine
আমার হঠাৎ করে হাত অবশ হয়ে যায়।,Medicine
আমার কোমরের নিচে ব্যথা হয় বসলে।,Medicine
আমার ঘাড় থেকে শুরু করে কাঁধ পর্যন্ত ব্যথা।,Medicine
আমার গলার lymph node ফুলে গেছে।,Medicine
আমার মাথায় চাপ অনুভব করছি সবসময়।,Medicine
আমার পিঠে গরম গরম জ্বালাপোড়া হয়।,Medicine
আমার বমি হচ্ছে এবং কিছু খেলেই বের হয়ে যাচ্ছে।,Medicine
আমার হজমে সমস্যা হচ্ছে গত কয়েকদিন।,Medicine
আমার মুখে ঘা হয়েছে এবং ব্যথা করছে।,Medicine
আমার পায়ের পাতায় চুলকায় এবং ফাটে।,Medicine
আমার শরীরে ব্যথা হয় কিন্তু কোনো কারণ পাই না।,Medicine
আমার বুকের মাঝখানে চাপ অনুভব করি।,Medicine
আমার গলার ভেতরটা শুকনো থাকে সবসময়।,Medicine
আমার নখ ভেঙে যাচ্ছে এবং হলুদ হয়ে যাচ্ছে।,Medicine
আমার মাঝে মাঝে জ্ঞান হারিয়ে ফেলি কয়েক সেকেন্ডের জন্য।,Medicine
আমার কান থেকে মাঝে মাঝে পানি পড়ে।,Medicine
আমার ঘাড়ে গুটি গুটি ব্যথা হয় সবসময়।,Medicine
আমার চোখের চারপাশে ফোলা ভাব থাকে সবসময়।,Medicine
আমার জিহ্বা সাদা হয়ে গেছে এবং ব্যথা করছে।,Medicine
আমার বুকের নিচে ব্যথা হয় যখন হালকা দৌড় দেই।,Medicine
আমার শরীরে অল্প কাজেই ক্লান্ত লাগে।,Medicine
আমার হাঁটুতে পানি জমেছে মনে হচ্ছে।,Medicine
আমার শরীর হালকা ঝিমঝিম করে থাকে।,Medicine
আমার ঘাড়ে এক পাশে ব্যথা এবং ফুলে গেছে।,Medicine
আমার শ্বাসের সঙ্গে শব্দ হয় মাঝে মাঝে।,Medicine
আমার বাম পায়ের পাতা অবশ হয়ে যায় মাঝে মাঝে।,Medicine
আমার মুখে জ্বালা হয় কিছু খাবার খেলেই।,Medicine
আমার কানে মাঝে মাঝে তালা লেগে যায় মনে হয়।,Medicine
আমার গলার নিচে চাকা চাকা লাগছে।,Medicine
আমার হজমে গ্যাস তৈরি হয় এবং ঢেকুর ওঠে।,Medicine
আমার পেটে ব্যথা হয় যখন বেশি খাই।,Medicine
আমার দুই চোখের মাঝখানে চাপ লাগে সবসময়।,Medicine
আমার কনুইয়ের কাছের হাড় ব্যথা করছে।,Medicine
আমার বুকের ডান পাশে ব্যথা হচ্ছে মাঝে মাঝে।,Medicine
আমার দাঁতের গোড়ায় ব্যথা হয় ঠান্ডা কিছু খেলেই।,Medicine
আমার হাতে গুটির মতো হয়ে গেছে কিছু অংশ।,Medicine
আমার বুক জ্বালা করে খালি পেটে থাকলে।,Medicine
আমার হাতের কবজি ব্যথা করছে ও ফুলে গেছে।,Medicine
আমার নাক দিয়ে পানি পড়ে সবসময় সকালে।,Medicine
আমার শরীরে অল্পতেই গায়ে জ্বর চলে আসে।,Medicine
আমার দুই হাঁটুতে চটচটে অনুভব হয়।,Medicine
আমার কপাল ঝাঁঝালো লাগে এবং চোখ ব্যথা করে।,Medicine
আমার কোমর শক্ত হয়ে যায় সকালে ঘুম থেকে উঠার পর।,Medicine
আমার মুখে তেতো স্বাদ লাগে সবসময়।,Medicine
আমার কাঁধের পেছনের অংশে ব্যথা হচ্ছে এবং চেপে ধরা লাগে।,Medicine
আমার মাথা অনেক হালকা লাগে এবং চোখে সরষে ফুল দেখি।,Medicine
আমার পেটের ডান পাশে ফাঁপা ফাঁপা অনুভব হচ্ছে।,Medicine
আমার গলা শুকিয়ে যায় এবং কিছু বলতে কষ্ট হয়।,Medicine
আমার পায়ের আঙুল ব্যথা করছে এবং ফুলে গেছে।,Medicine
আমার শরীর কাঁপে ঠান্ডা লাগলেও জ্বর আসে না।,Medicine
আমার হাত পা জ্বালা করে রাতে ঘুমাতে পারি না।,Medicine
