"Problem",Specialist
"আমার কপালে গোটার মত বের হয়েছে",Skin
"আমার অনেক ব্রণ হয় মুখে।আর অনেক ব্যথা করে। ",Skin
"আমার মুখে গোটা উঠে মুখে কালো দাগ পরে যাচ্ছে।",Skin
"আমার নাকে আর থুতনিতে সাদা বিচির মত উঠে আর মুখ অনেক বেশি খশখশা হয়ে থাকে।",Skin
"আমি ধুলায় গেলে আমার স্কিন অনেক চুল্কায় আর ফুলে লাল হয়ে যায়।",Skin
"আমার স্কিন অনেক চুল্কায় আর ধরলে ব্যথা করে",Skin
"আমার হাতের কনুই, পায়ে চুল্কায় আর জায়গাটা সাদা কালো দাগ হয়ে গিয়েছে।",Skin
"আমার নাক, গাল, থুতনি আর কপালে চুল্কায় আর লাল হয়ে যায়।",Skin
"আমি ধুলায় গেলে আমার স্কিন অনেক চুল্কায় আর ফুলে লাল হয়ে যায়।",Skin
"আমি স্কিন অনেক চুল্কায় আর ধরলে ব্যথা করে",Skin
"আমি ধুলায় গেলে আমার স্কিন অনেক চুল্কায় আর ফুলে লাল হয়ে যায়।",Skin
"আমার ভাতিজির মুখে অনেক ব্রণ হচ্ছে",Skin
"আমার নাকে আর থুতনিতে সাদা বিচির মত উঠে আর মুখ অনেক বেশি খশখশা হয়ে থাকে।",Skin
"আমার কয়েকদিন ধরে অনেক বেশি শরীর চুল্কায়",Skin
"আমার হাজবেন্ডের চুল পরে যাচ্ছে আর মাথায় অনেক খুশকি আছে। ওর প্রায় সারা বছরই খুশকি থাকে",Skin
"আমার মুখে অনেক ব্রণ হয় আর দাগ পরে যায়",Skin
"আমার মুখে অনেক বড় বড় ব্রণ হয় আর এগুলো অনেক ব্যথা করে",Skin
"আমার মুখে অনেক গোটা উঠে আর এগুলো অনেক চুল্কায়",Skin
"আমার গায়ের রঙ উজ্জ্বল করতে চাই",Skin
"আমার মাথায় অনেক খুশকি আর অনেক চুল্কায় আর চুল অনেক রুক্ষ",Skin
"আমার সারা শরীর চুল্কিয়ে ফুলে যায় আর লাল হয়ে যায়",Skin
"আমার মেয়ের মুখে অনেক ব্রণ উঠেছে আর অনেক দাগ পরে গিয়েছে",Skin
"আমার চোখের নিচে কালো দাগ পরে গিয়েছে",Skin
"আমার মেয়ের নাকের পাশে, থুতনিতে আর গালে কালো দাগ পরে গেছে",Skin
"আমার বাবার বাম গালে কালো দাগ পরেছে আর এই দাগ আস্তে আস্তে বাড়ছে",Skin
"আমার বোনের চোখের নিচে অনেক কালো দাগ পরেছে",Skin
"আমার ছেলের মুখে অনেক ব্রণ হয়েছে আর এগুলো অনেক চুল্কায় ফুলে যায়",Skin
"আমার বোনের সারা শরীরে কালো দাগ পরে যাচ্ছে",Skin
"আমার মেয়ের শরীরে কালো দাগ পরে যাচ্ছে",Skin
"আমার বাচ্চার শরীর অনেক খশখশে হয়ে থাকে আর ফেটে যায়",Skin
"আমার বোনের শরীরে অনেক লাল দাগ হয়ে আছে",Skin
"আমার মামির মুখে অনেক ব্রণ হয়েছে",Skin
"আমার সারা শরীরে বিচির মত গোটা উঠেছে আর এগুলো খুব চুল্কায়",Skin
"আমার মাথায় প্রায় সারা বছরই অনেক খুশকি থাকে",Skin
"আমার সারা শরীরে অনেক চুলকানি হয়েছে। আর চুল্কায় এগুলো ফুলে উঠে",Skin
"আমার কপালে গোটা উঠেছে অনেক আর এগুলো খুব চুল্কায়। টিপ দিলে সাদা শালের মত বের হয় ",Skin
"আমার মাথায় অনেক শুষ্ক খুশকি আর মাথা অনেক আঠালো হয়ে যায় আর অনেক চুল্কায়",Skin
"আমার মুখে অনেক ব্রণ উঠেছে।",Skin
"আমার মেয়ের কপালে ছোট ছোট ফুসকুড়ি হয়েছে।",Skin
"আমার সারা শরীর প্রায়ই চুলকায়, বিশেষ করে রাতে।",Skin
"আমার মাথায় অনেক খুশকি আর চুলও পড়ছে।",Skin
"আমার ঠোঁটের কোণায় ঘা হয়েছে, কিছুতেই সারছে না।",Skin
"রোদে গেলেই আমার ত্বক লাল হয়ে জ্বালাপোড়া করে।",Skin
"আমার ছেলের মুখে ব্রণের কালো দাগ বসে যাচ্ছে।",Skin
"আমার পায়ের গোড়ালি ফেটে খুব ব্যথা করে।",Skin
"শীতকাল আসলেই আমার ত্বক খুব শুষ্ক আর খসখসে হয়ে যায়।",Skin
"আমার ঘাড়ে একটা আঁচিল হয়েছে, ওটা দিন দিন বড় হচ্ছে।",Skin
"আমার হাতের আঙুলের ফাঁকে চুলকিয়ে চামড়া উঠে যায়।",Skin
"আমার মুখে মেছতার মতো কালো ছোপ পড়েছে।",Skin
"আমার বাচ্চার গায়ে লাল লাল র‍্যাশ উঠেছে।",Skin
"আমার পিঠে অনেকদিন ধরে একটা ফোঁড়া হয়ে আছে, খুব ব্যথা।",Skin
"আমার নখগুলো হলদে হয়ে ভেঙে যাচ্ছে।",Skin
"সাবান ব্যবহার করলে আমার হাতে চুলকানি শুরু হয়।",Skin
"আমার চোখের নিচে কালো দাগ পড়েছে, দেখতে খুব ক্লান্ত লাগে।",Skin
"আমার মাথার ত্বক খুব তৈলাক্ত আর চটচটে খুশকি হয়।",Skin
"আমার পায়ের পাতায় দাদের মতো গোল হয়ে চুলকায়।",Skin
"আমার ত্বকটা কেমন যেন মলিন আর প্রাণহীন হয়ে গেছে।",Skin
"আমার ছেলের মুখে সাদা সাদা ছোট দানা উঠেছে।",Skin
"গরমে আমার ঘাড়ে আর পিঠে ঘামাচি হয়।",Skin
"আমার দুই গালে লালচে ভাব আর জ্বালাপোড়া হয়।",Skin
"আমার ত্বকের নিচে ছোট ছোট শক্ত গুটলির মত অনুভব করি।",Skin
"নতুন কোনো কসমেটিক ব্যবহার করলেই আমার মুখে ব্রণ ওঠে।",Skin
"আমার কনুই আর হাঁটুর চামড়া খুব কালো আর মোটা হয়ে গেছে।",Skin
"আমার বাবার সারা শরীর খুব চুলকায়, কিন্তু কোনো র‍্যাশ দেখা যায় না।",Skin
"আমার ঠোঁট দুটো সবসময় ফাটা থাকে।",Skin
"আমার মুখে লোমকূপগুলো অনেক বড় আর স্পষ্ট দেখা যায়।",Skin
"আমার চুল পড়ার সাথে সাথে মাথার ত্বকও চুলকায়।",Skin
"আমার কোমরের দিকে রিংয়ের মতো গোল হয়ে চুলকানি হয়েছে।",Skin
"আমার মুখে ব্রণের গর্ত হয়ে যাচ্ছে।",Skin
"ধুলাবালিতে গেলেই আমার হাঁচি আর গায়ে চুলকানি শুরু হয়।",Skin
"আমার মায়ের পায়ের চামড়া সাপের খোলসের মতো ওঠে।",Skin
"আমার হাতের চামড়া খুব পাতলা হয়ে গেছে, রগ দেখা যায়।",Skin
"আমার মুখে বয়সের ছাপ আর বলিরেখা দেখা দিচ্ছে।",Skin
"আমার মেয়ের ত্বকে সাদা সাদা দাগ হচ্ছে।",Skin
"আমার শরীরে হঠাৎ করে চাকা চাকা হয়ে ফুলে ওঠে আর চুলকায়।",Skin
"আমার পায়ের নখটা ভেতরের দিকে ঢুকে গিয়ে ব্যথা করছে।",Skin
"আমার থুতনিতে অনেক ব্যথাযুক্ত ব্রণ হয়।",Skin
"চিংড়ি মাছ খেলে আমার সারা গায়ে অ্যালার্জি ওঠে।",Skin
"আমার হাতের তালু আর পায়ের তালুর চামড়া ওঠে।",Skin
"আমার স্বামীর মাথায় টাক পড়তে শুরু করেছে।",Skin
"আমার মুখের ত্বকটা খুব অমসৃণ আর খসখসে।",Skin
"আমার শরীরের কিছু কিছু জায়গা অন্য জায়গার চেয়ে অনেক বেশি কালো।",Skin
"আমার পিঠে ছোট ছোট কালো দাগে ভরে গেছে।",Skin
"আমার মুখে সাদা সাদা শাল ওঠে।",Skin
"আমার বাচ্চার ডায়াপার পরার জায়গাটা লাল হয়ে র‍্যাশ হয়েছে।",Skin
"আমার ঠোঁটের চারপাশে কালো দাগ হয়ে যাচ্ছে।",Skin
"আমার ত্বকে একটা কাটা দাগ কিছুতেই মিলিয়ে যাচ্ছে না।",Skin
"আমার গলার চামড়া ঝুলে পড়ছে বলে মনে হয়।",Skin
"আমার হাতে ছোট ছোট পানির মতো ফোসকা পড়েছে।",Skin
"আমার মাথার ত্বকে ছোট ছোট গোটা হয়েছে, খুব চুলকায়।",Skin
"আমার মুখে তেলতেলে ভাবটা খুব বেশি।",Skin
"আমার নাকের দুই পাশে চামড়া ওঠে।",Skin
"আমার ত্বকটা রোদে পুড়ে তামাটে হয়ে গেছে।",Skin
"আমার জিভে সাদা একটা আস্তরণ পড়েছে।",Skin
"আমার হাতের চামড়ায় খড়ি ফোটার মতো সাদা হয়ে যায়।",Skin
"আমার মেয়ের মুখে অবাঞ্ছিত লোম গজিয়েছে।",Skin
"আমার শরীরে আঁচড়ের মতো লাল দাগ হয়ে থাকে।",Skin
"আমার নখের পাশে চামড়া উঠে খুব ব্যথা করে।",Skin
"আমার বুক আর পিঠেও ব্রণ হয়।",Skin
"আমার ত্বক এত সংবেদনশীল যে কিছুই সহ্য হয় না।",Skin
"আমার চোখের পাতায় ছোট একটা গোটা উঠেছে।",Skin
"আমার পায়ের আঙুলের মাঝে ঘা হয়ে গেছে।",Skin
"আমার শরীরের চুলকানির জায়গাগুলো কালো হয়ে যাচ্ছে।",Skin
"আমার ছেলের হাতে কয়েকটি শক্ত আঁচিলের মত হয়েছে।",Skin
"আমি আমার ত্বকের উজ্জ্বলতা বাড়াতে চাই।",Skin
"আমার কপালে ভাঁজ পড়তে শুরু করেছে।",Skin
"আমার বগলের নিচে খুব কালো দাগ হয়ে গেছে।",Skin
"আমার ব্রণের ভেতরে পুঁজ জমে থাকে।",Skin
"আমার ত্বকটা মাঝে মাঝে খুব লাল হয়ে যায়।",Skin
"আমার মুখে হলদে ভাব দেখা দিয়েছে।",Skin
"আমার সারা শরীরে ছোট ছোট তিল হচ্ছে।",Skin
"আমার পায়ের চামড়া খুব পুরু আর শক্ত।",Skin
"আমার খুশকির জন্য শ্যাম্পু ব্যবহার করেও লাভ হচ্ছে না।",Skin
"আমার ত্বকে চুলকানি হওয়ার পর জায়গাটা ফুলে যায়।",Skin
"আমার একটি ব্রণ শুকিয়ে গেলেও আবার পাশে আরেকটি ওঠে।",Skin
"আমার হাত দুটো খুব রুক্ষ আর শুষ্ক।",Skin
"আমার মুখে রোদে বের হলেই লাল লাল ছোপ পড়ে।",Skin
"আমার মায়ের নখগুলো খুব ভঙ্গুর হয়ে গেছে।",Skin
"আমার পিঠের চামড়ায় ছুলির মতো সাদা দাগ পড়েছে।",Skin
"আমার চুলগুলো গোড়া থেকে দুর্বল হয়ে যাচ্ছে।",Skin
"আমার মুখের দাগ দূর করার জন্য কিছু করতে চাই।",Skin
"আমার গলার ভাঁজে ভাঁজে কালো দাগ হয়েছে।",Skin
"আমার মেয়ের মুখে ছোট ছোট গরমের দানার মতো বের হয়েছে।",Skin
"আমার হাতের চামড়া কুঁচকে যাচ্ছে।",Skin
"আমার নাকের উপর অনেকগুলো ব্ল্যাকহেডস হয়েছে।",Skin
"আমার শরীরের চামড়া জায়গায় জায়গায় সাদা হয়ে যাচ্ছে।",Skin
"আমার ফোঁড়াটা পেকে হলুদ হয়ে গেছে।",Skin
"আমার মাথার সামনের দিকের চুল পাতলা হয়ে যাচ্ছে।",Skin
"আমার ত্বকে কোনো আঠা বা প্লাস্টার লাগালে লাল হয়ে যায়।",Skin
"আমার ঘাড়ের পেছনের অংশটা খুব কালো।",Skin
"আমার পায়ের তলায় একটি শক্ত গোটা হয়েছে, হাঁটতে ব্যথা লাগে।",Skin
"আমার ত্বকের রঙটা কেমন যেন ফ্যাকাসে হয়ে গেছে।",Skin
"আমার ঠোঁটে কালো দাগ পড়েছে।",Skin
"আমার ব্রণের জায়গায় শক্ত গুটি হয়ে আছে।",Skin
"আমার মায়ের হাতে বাদামী রঙের বয়সের দাগ দেখা যাচ্ছে।",Skin
"আমার শরীরে ঘাম বসে চুলকানি হয়।",Skin
"আমার দুই ভ্রুর মাঝখানে প্রায়ই ব্রণ হয়।",Skin
"আমার ত্বকের কিছু অংশ চুলকালে রক্ত বের হয়।",Skin
"আমার মাথার তালুতে ঘা হয়েছে।",Skin
"আমার মুখের চামড়া ঝুলে পড়ছে বলে মনে হচ্ছে।",Skin
"আমার ছেলের কনুইয়ে একজিমার মতো হয়েছে, খুব চুলকায়।",Skin
"আমার ত্বকে মশা কামড়ালে জায়গাটা অনেক বেশি ফুলে যায়।",Skin
"আমার ঠোঁটের উপরের অংশেও কালো ছোপ পড়েছে।",Skin
"আমার শরীরের লোমকূপের গোড়ায় গোড়ায় গোটা হয়েছে।",Skin
"আমার নখের রঙ বদলে যাচ্ছে।",Skin
"আমার মুখে ব্রণের জন্য যে ক্রিম ব্যবহার করি, তাতে ত্বক জ্বলে।",Skin
"আমার জিহ্বার পাশে ছোট ঘায়ের মত হয়েছে।",Skin
"আমার গোসলের পর শরীর আরও বেশি চুলকায়।",Skin
"আমার কপালে ঘাম হলেই ছোট ছোট দানা ওঠে।",Skin
"আমার পায়ের তলার চামড়া খুব নরম আর সংবেদনশীল।",Skin
"আমার কান চুলকাতে চুলকাতে ঘা হয়ে গেছে।",Skin
"আমার চোখের নিচের চামড়া খুব পাতলা আর কুঁচকানো।",Skin
"আমার মেয়ের মুখে ব্রণের দাগ কিছুতেই যাচ্ছে না।",Skin
"আমার সারা গায়ে ছোট ছোট লাল তিলের মতো হচ্ছে।",Skin
"আমার চুলগুলো খুব রুক্ষ আর জট লেগে যায়।",Skin
"আমার ত্বকের চুলকানি গরমে বেড়ে যায়।",Skin
"আমার নাকের ডগায় একটা ব্রণ হয়ে পেকে আছে।",Skin
"আমার পায়ের হাঁটুর নিচে গোল হয়ে দাদ হয়েছে।",Skin
"আমার ত্বকের রঙের অসামঞ্জস্যতা দেখা দিয়েছে।",Skin
"আমার ছেলের মুখে আর ঘাড়ে অনেক আঁচিল।",Skin
"আমার ত্বকে কোনো তেল বা লোশন মাখতে পারি না।",Skin
"আমার পিঠের চামড়াটা খুব তৈলাক্ত।",Skin
"আমার হাতের চামড়ার নিচে ছোট চর্বির দলার মত লাগে।",Skin
"আমার কান আর গলার সংযোগস্থলে খুব চুলকায়।",Skin
"আমার মুখের ত্বকে একটা পোড়া দাগ আছে।",Skin
"আমার মাথার ত্বকে চাকার মতো হয়ে চুল উঠে যাচ্ছে।",Skin
"আমার ত্বকে র‌্যাশের সাথে সাথে হালকা জ্বরও আসে।",Skin
"আমার গালের চামড়া ভেতর থেকে জ্বলে।",Skin
"আমার নখের কোণায় পুঁজ জমেছে।",Skin
"আমার ঠোঁট শুকিয়ে চামড়া ওঠে।",Skin
"আমার শরীরের চামড়া খুব ঢিলেঢালা হয়ে গেছে।",Skin
"আমার নতুন জুতা পরলে পায়ে ফোসকা পড়ে।",Skin
"আমার মেয়ের মুখে লোমের পরিমাণ বেড়ে যাচ্ছে।",Skin
"আমার ত্বকের ওপর সাদা সাদা গুঁড়ার মতো জমে থাকে।",Skin
"আমার ফোঁড়াটা পাকার আগেই খুব ব্যথা করে।",Skin
"আমার ত্বকে সানস্ক্রিন ব্যবহার করলে ব্রণ ওঠে।",Skin
"আমার মাথার পেছনের দিকে চুলকানি বেশি হয়।",Skin
"আমার হাতের উল্টো পিঠে কালো ছোপ পড়েছে।",Skin
"আমার একজিমাটা শীতকালে খুব বেড়ে যায়।",Skin
"আমার ছেলের মুখে ব্রণের পাশাপাশি সাদা দানাও আছে।",Skin
"আমার ত্বকের রঙ জায়গায় জায়গায় ফ্যাকাসে হয়ে গেছে।",Skin
"আমার নাভির চারপাশে চুলকানি আর র‍্যাশ হয়েছে।",Skin
"আমার নখগুলো ঢেউ খেলানো বা অমসৃণ হয়ে গেছে।",Skin
"আমার মুখে ছোট ছোট গর্তের মতো দাগ আছে।",Skin
"আমার ঘামে খুব দুর্গন্ধ হয়।",Skin
"আমার ত্বকে পোকামাকড় কামড়ালে দাগটা সহজে যায় না।",Skin
"আমার মাথার ত্বকের কিছু কিছু জায়গা লাল হয়ে আছে।",Skin
"আমার মুখ ধোয়ার পরপরই ত্বক খুব টানটান লাগে।",Skin
"আমার পিঠের উপরের অংশে অনেক ব্রণ।",Skin
"আমার ত্বকে বয়সের ছাপ কমাতে চাই।",Skin
"আমার হাতের চামড়া ফেটে রক্ত বের হয়।",Skin
"আমার ঠোঁটের রঙ কালচে হয়ে যাচ্ছে।",Skin
"আমার ত্বকে এমন কিছু গোটা হয়েছে যা থেকে পানি বের হয়।",Skin
"আমার দাড়ি কাটার পর গালে র‍্যাশ হয়।",Skin
"আমার ছেলের ত্বকে জন্ম থেকেই একটা লাল দাগ আছে।",Skin
"আমার শরীরের চামড়া খুব পাতলা, সহজেই ছিলে যায়।",Skin
"আমার কপালের দুই পাশে ব্রণ বেশি হয়।",Skin
"আমার খুশকি সারা বছরই থাকে, কোনো ঋতু মানে না।",Skin
"আমার ত্বকে চুলকানির পর কালশিটে দাগ পড়ে যায়।",Skin
"আমার ঘাড়ের কালো দাগ কোনো কিছুতেই উঠছে না।",Skin
"আমার পায়ের বুড়ো আঙুলের নখটা নষ্ট হয়ে যাচ্ছে।",Skin
"আমার ব্রণগুলো খুব শক্ত আর ভেতরে দলার মতো।",Skin
"আমার মুখে ছোট ছোট সাদা ফুসকুড়ি, যেগুলো টিপলে চালের মতো বের হয়।",Skin
"আমার চুলকানির কারণে রাতে ঘুম ভেঙে যায়।",Skin
"আমার কনুইয়ের চামড়া খুব খসখসে আর সাদা হয়ে থাকে।",Skin
"আমার মুখে মেছতার দাগ দিন দিন গাঢ় হচ্ছে।",Skin
"আমার পিঠের ছুলিগুলো গরমে বাড়ে, শীতে কমে।",Skin
"আমার ত্বকের ছিদ্রগুলো খুব বড় হয়ে গেছে।",Skin
"আমার বাচ্চার মুখে লালার জন্য র‍্যাশ হয়।",Skin
"আমার দুই রানের সংযোগস্থলে খুব চুলকায় আর কালো হয়ে গেছে।",Skin
"আমার নখের ওপর সাদা সাদা দাগ পড়েছে।",Skin
"আমার কপালে আর নাকের চারপাশে খুব তেল জমে।",Skin
"আমার শরীরের ফাটা দাগগুলো দেখতে খুব খারাপ লাগে।",Skin
"আমার আঁচিল থেকে মাঝে মাঝে রক্ত বের হয়।",Skin
"আমার ত্বকে হলদে আভা দেখা দিয়েছে।",Skin
"আমার মাথার চুল মাঝখান থেকে পাতলা হয়ে যাচ্ছে।",Skin
"আমার ঠোঁটের ওপর ছোট ছোট ঘামের মতো দানা ওঠে।",Skin
"আমার গোড়ালি ফেটে হাঁটতে কষ্ট হয়।",Skin
"আমার মেয়ের ব্রণের দাগগুলো লালচে হয়ে আছে।",Skin
"আমার ত্বকের শুষ্কতার কারণে চুলকানি হয়।",Skin
"আমার হাতের চামড়া বয়স্কদের মতো দেখায়।",Skin
"আমার ফোঁড়াটা পেকে নিজে থেকেই গলে গেছে, কিন্তু দাগ রয়ে গেছে।",Skin
"আমার ত্বকের কিছু অংশে কোনো অনুভূতি পাই না।",Skin
"আমার মাথার ত্বকে হাত দিলেই ব্যথা লাগে।",Skin
"আমার মুখের এক পাশে বেশি ব্রণ হয়।",Skin
"আমার দাদের জায়গাটা গোল হয়ে চামড়া উঠে যাচ্ছে।",Skin
"আমার চোখের পাতার ওপরেও চামড়া ওঠে।",Skin
"আমার শরীরের চুলগুলো খুব মোটা আর শক্ত।",Skin
"আমার ত্বকের দাগগুলো দূর করতে চাই।",Skin
"আমার মেয়ের সারা মুখে ছোট ছোট গোটা হয়েছে।",Skin
"আমার পা সবসময় ঘামে আর ভেজা থাকে।",Skin
"আমার নখের চারপাশের চামড়া খুব শক্ত।",Skin
"আমার চুলগুলো আগা থেকে ফেটে যাচ্ছে।",Skin
"আমার ত্বকে লালচে ফুসকুড়ির সাথে জ্বালাপোড়াও করে।",Skin
"আমার মুখের রঙ শরীরের অন্য অংশের চেয়ে কালো।",Skin
"আমার জিহ্বার নিচে একটা ছোট গোটা হয়েছে।",Skin
"আমার ত্বকের ক্ষত শুকাতে অনেক সময় লাগে।",Skin
"আমার ব্রণের মধ্যে শক্ত শালের মতো থাকে।",Skin
"আমার শরীরের ত্বকে ছোট ছোট লাল বিন্দু দেখা যায়।",Skin
"আমার মাথার চুলকানির সাথে সাথে চুলও জট বেঁধে যায়।",Skin
"আমার ত্বকের কিছু অংশ অস্বাভাবিক সাদা হয়ে গেছে।",Skin
"আমার হাতের চামড়া গরমে খুব ঘামে।",Skin
"আমার নাকের পাশে প্রায়ই ঘা হয়।",Skin
"আমার একজিমা থেকে পানি ঝরে।",Skin
"আমার ত্বকের রঙ রোদে গেলে আরও বেশি কালো হয়ে যায়।",Skin
"আমার পিঠের ব্রণগুলোতে খুব ব্যথা।",Skin
"আমার ঠোঁটের চামড়া সবসময় ওঠে।",Skin
"আমার ত্বকের নিচে নীল শিরাগুলো খুব স্পষ্ট দেখা যায়।",Skin
"আমার কান প্রায়ই চুলকায়।",Skin
"আমার ছেলের মুখে ব্রণের পাশাপাশি লোমও বাড়ছে।",Skin
"আমার হাতে-পায়ে ছোট ছোট লাল র‍্যাশ বেরিয়েছে।",Skin
"আমার ত্বকের তৈলাক্ততা কমাতে চাই।",Skin
"আমার নখগুলো চামচের মতো বাঁকা হয়ে যাচ্ছে।",Skin
"আমার ঘাড়ের ভাঁজে চুলকিয়ে কালো হয়ে গেছে।",Skin
"আমার মুখে এমন কিছু দাগ আছে যা জন্ম থেকেই।",Skin
"আমার ত্বকে নতুন লোশন লাগানোর পর থেকে চুলকানি শুরু হয়েছে।",Skin
"আমার খুশকি কাপড়ের ওপর পড়ে, দেখতে খুব খারাপ লাগে।",Skin
"আমার ত্বকে আঘাত লাগলে সহজে দাগ বসে যায়।",Skin
"আমার আঙ্গুলের গিঁটে গিঁটে কালো দাগ।",Skin
"আমার ব্রণগুলো পাকার আগেই খুব ব্যথা করে।",Skin
"আমার ত্বকের কিছু অংশের চামড়া খুব পুরু।",Skin
"আমার মাথার ত্বকে তৈলাক্ততার কারণে চুল পড়া বেড়েছে।",Skin
"আমার দাদের চুলকানি রাতে অসহ্য হয়ে ওঠে।",Skin
"আমার ত্বকে একটা আঁচড়ের দাগ স্থায়ী হয়ে গেছে।",Skin
"আমার গোঁফের জায়গায় চামড়া কালো হয়ে যাচ্ছে।",Skin
"আমার হাত আর পায়ে ছুলির মতো সাদা দাগ পড়েছে।",Skin
"আমার মুখের বলিরেখাগুলো হাসলে বেশি বোঝা যায়।",Skin
"আমার বাচ্চার মুখে দুধ খাওয়ার পর র‍্যাশ হয়।",Skin
"আমার ত্বকের শুষ্কতার জন্য সাদা দাগের মতো দেখায়।",Skin
"আমার নখের রঙ কালচে হয়ে যাচ্ছে।",Skin
"আমার ত্বকে লাল চাকা চাকা হয়ে ফুলে ওঠে।",Skin
"আমার বগলের নিচে ঘামাচির মতো গোটা হয়েছে।",Skin
"আমার ত্বকে স্ট্রেচ মার্ক বা ফাটা দাগ পড়েছে।",Skin
"আমার মুখের ত্বকটা খুব পাতলা আর লালচে।",Skin
"আমার একটি আঁচিলের রঙ পরিবর্তন হচ্ছে।",Skin
"আমার মাথার ত্বকে এক ধরনের আঁশের মতো জমে থাকে।",Skin
"আমার ত্বকে কোনো গয়না পরলে চুলকায়।",Skin
"আমার দুই ভ্রুর মাঝখানে চামড়া ওঠে।",Skin
"আমার ব্রণের দাগগুলো গর্ত হয়ে স্থায়ী হয়ে যাচ্ছে।",Skin
"আমার হাতে গরমে ছোট ছোট পানির ফোসকা হয়।",Skin
"আমার পায়ের চামড়া খুব শক্ত, কিছুতেই নরম হয় না।",Skin
"আমার ত্বকের স্বাভাবিক উজ্জ্বলতা হারিয়ে গেছে।",Skin
"আমার চুল পড়ার পরিমাণ খুব বেড়ে গেছে।",Skin
"আমার মুখে ছোট ছোট তিলের সংখ্যা বাড়ছে।",Skin
"আমার ঠোঁটের দুই পাশে সাদা হয়ে থাকে।",Skin
"আমার ত্বকের চুলকানি গরমে ও শীতে দুই সময়েই থাকে।",Skin
"আমার ফোঁড়া থেকে পুঁজ আর রক্ত দুটোই বের হয়।",Skin
"আমার ত্বকে রোদের কারণে বাদামী ছোপ পড়েছে।",Skin
"আমার মাথার খুশকিগুলো অনেক বড় আর হলদেটে।",Skin
"আমার ত্বকে র‍্যাশের সাথে চামড়াও ওঠে।",Skin
"আমার মেয়ের বয়সের তুলনায় ত্বকে ভাঁজ পড়েছে।",Skin
"আমার জিভের ওপর কালো দাগ পড়েছে।",Skin
"আমার ত্বকে মশা কামড়ানোর মতো লাল হয়ে ফুলে ওঠে।",Skin
"আমার কনুই ও হাঁটুর চামড়া খুব রুক্ষ।",Skin
"আমার ব্রণের ব্যথাটা টনটন করে।",Skin
"আমার ত্বকের রঙ জায়গায় জায়গায় অমসৃণ।",Skin
"আমার নখগুলো সহজে ভেঙে যায়।",Skin
"আমার চুলগুলো গোড়া থেকে সাদা হয়ে যাচ্ছে।",Skin
"আমার ত্বকে এমন একটা গোটা হয়েছে যেটা টিপলে ব্যথা লাগে।",Skin
"আমার দাদের সমস্যাটা বারবার ফিরে আসে।",Skin
"আমার মুখের ত্বকে ছোট ছোট লাল শিরা দেখা যায়।",Skin
"আমার শরীরের চামড়ায় চুলকানির পর জ্বালা করে।",Skin
"আমার মুখে বয়সের ছাপ দেখা যাচ্ছে।",Skin
"আমার হাতে পায়ে সাদা সাদা ছোপ ছোপ দাগ।",Skin
"আমার নাকের চারপাশের চামড়া লাল হয়ে থাকে।",Skin
"আমার পিঠের চামড়া খুব অমসৃণ।",Skin
"আমার ত্বকের নিচে শক্ত চাকার মত লাগে।",Skin
"আমার মাথার ত্বকে হাত বুলালেই খুশকি হাতে চলে আসে।",Skin
"আমার ত্বকের রঙ দিন দিন কালচে হয়ে যাচ্ছে।",Skin
"আমার ঠোঁট ফেটে রক্ত বের হয়।",Skin
"আমার মুখে অনেক দিন ধরে একটা ব্রণ সারছে না।",Skin
"আমার চামড়ায় ছোট ছোট সাদা দানা দেখা যায়।",Skin
"আমার হাতের আঙুলের ডগার চামড়া শক্ত হয়ে গেছে।",Skin
"আমার ত্বকে কোনো কিছু ঘষা লাগলেই লাল হয়ে যায়।",Skin
"আমার চুলগুলো অতিরিক্ত তৈলাক্ত।",Skin
"আমার একজিমা থেকে কষের মতো পানি বের হয়।",Skin
"আমার ত্বকে কাটাছেঁড়ার দাগ মিলিয়ে যায় না।",Skin
"আমার গালের ব্রণগুলো খুব বড় আর শক্ত।",Skin
"আমার ত্বকের শুষ্কতার কারণে চামড়া ফেটে যায়।",Skin
"আমার নখের আকৃতি বদলে যাচ্ছে।",Skin
"আমার ত্বকে ছোট ছোট ফুসকুড়ির সাথে চুলকানিও আছে।",Skin
"আমার ঘাড়ের ত্বকে ভাঁজ পড়েছে।",Skin
"আমার মুখে লোমকূপগুলো ময়লা জমে কালো দেখায়।",Skin
"আমার ত্বকের চুলকানিটা এক জায়গা থেকে অন্য জায়গায় ছড়িয়ে যায়।",Skin
"আমার মাথার ত্বকে ছোট ছোট ব্যথাপূর্ণ গোটা হয়।",Skin
"আমার ত্বকের রঙ জায়গায় জায়গায় সাদা হয়ে যাচ্ছে, যা শ্বেতী রোগের মতো লাগে।",Skin
"আমার ঠোঁটের উপরের অংশটুকু বেশি কালো।",Skin
"আমার ত্বকে লাল র‍্যাশের সাথে সাথে চামড়া গরম হয়ে যায়।",Skin
"আমার ব্রণের দাগগুলো বাদামী রঙের হয়ে গেছে।",Skin
"আমার পায়ের তলায় চামড়া ওঠে।",Skin
"আমার ত্বকের নিচে মাংসের মতো নরম গোটা হয়েছে।",Skin
"আমার চুলগুলো রুক্ষ হয়ে জট লেগে থাকে।",Skin
"আমার শরীরের ত্বকে ফাটা দাগগুলো খুব স্পষ্ট।",Skin
"আমার মুখে সবসময় একটা তৈলাক্ত ভাব থাকে।",Skin
"আমার নখের পাশের চামড়া ফুলে লাল হয়ে আছে।",Skin
"আমার দাদের জায়গাটা চুলকানোর পর খুব জ্বলে।",Skin
"আমার ত্বকের বলিরেখা কমাতে চাই।",Skin
"আমার হাতে সাদা সাদা ছুলির মতো দাগ।",Skin
"আমার মাথার ত্বকে খুশকির সাথে সাথে চুলকানিও অনেক।",Skin
"আমার ত্বকে সামান্য আঘাতেই কালশিটে পড়ে যায়।",Skin
"আমার মুখের ত্বকটা খুব অমসৃণ আর রোদে পোড়া।",Skin
"আমার ফোঁড়াটা পেকে যাওয়ার পর একটা কালো দাগ হয়ে গেছে।",Skin
"আমার ত্বকের কিছু অংশে ছোপ ছোপ দাগ পড়েছে।",Skin
"আমার ছেলের মুখে বয়ঃসন্ধির ব্রণ খুব বেড়েছে।",Skin
"আমার ত্বক এত শুষ্ক যে লোশন দিলেও কিছুক্ষণ পর আগের মতো হয়ে যায়।",Skin
"আমার নখগুলো চামড়া থেকে আলাদা হয়ে যাচ্ছে বলে মনে হয়।",Skin
"আমার ত্বকে অ্যালার্জির কারণে ছোট ছোট পানির মতো ফোসকা হয়।",Skin
"আমার মুখের টি-জোন (কপাল, নাক, থুতনি) খুব তৈলাক্ত।",Skin
"আমার ত্বকের কিছু জায়গা চুলকালে মোটা ও শক্ত হয়ে যায়।",Skin
"আমার চুলগুলো আগা থেকে ফেটে দুই ভাগ হয়ে যাচ্ছে।",Skin
"আমার সারা গায়ে আমবাতের মতো চাকা চাকা হয়ে যায়।",Skin
"আমার ত্বকে একটা পুরনো পোড়া দাগ আছে।",Skin
"আমার ব্রণের ভেতরে শক্ত হয়ে আছে, বের হয় না।",Skin
"আমার ত্বকের রঙ ফ্যাকাসে আর হলদেটে লাগছে।",Skin
"আমার ঠোঁটের চারপাশের চামড়া খুব শুষ্ক।",Skin
"আমার ত্বকের নিচে ছোট ছোট চর্বির দলার মতো মনে হয়।",Skin
"আমার পায়ের চামড়া মোটা হয়ে কড়া পড়ে গেছে।",Skin
"আমার মাথার ত্বকে এক ধরনের চটচটে ময়লা জমে।",Skin
"আমার ত্বকের লালচে ভাবটা কিছুতেই কমে না।",Skin
"আমার ব্রণগুলো শুধু গালের এক পাশেই হয়।",Skin
"আমার নখের ওপর লম্বা লম্বা খাদের মতো দাগ পড়েছে।",Skin
"আমার ত্বকের শুষ্কতার কারণে সাদা সাদা দাগ হয়।",Skin
"আমার দাদের মতো দেখতে কিন্তু চুলকায় না।",Skin
"আমার ত্বকের উজ্জ্বলতা ফিরিয়ে আনতে চাই।",Skin
"আমার হাতের চামড়া কুঁচকে বয়স্কদের মতো লাগে।",Skin
"আমার মুখে এমন দাগ যা ব্রণের কারণে হয়নি।",Skin
"আমার মাথার তালুতে হাত দিলেই ভেজা ভেজা লাগে।",Skin
"আমার ত্বকে ঘষা লাগলে ফুলে ওঠে আর লেখা আঁকা যায়।",Skin
"আমার লোমকূপের গোড়াগুলো লাল হয়ে ফুলে থাকে।",Skin
"আমার ঠোঁট দুটো নীলচে বা ফ্যাকাসে হয়ে থাকে।",Skin
"আমার ত্বকের কিছু অংশ খুব গরম অনুভূত হয়।",Skin
"আমার ফোঁড়াটা থেকে দুর্গন্ধযুক্ত পুঁজ বের হয়।",Skin
"আমার ত্বকের কিছু কিছু জায়গা থেকে চামড়া উঠতেই থাকে।",Skin
"আমার ছেলের হাতে-পায়ে চামড়া ওঠার সমস্যা আছে।",Skin
"আমার মুখে ছোট ছোট মাংসপিণ্ডের মতো আঁচিল হয়েছে।",Skin
"আমার নখের স্বাস্থ্য ভালো করার উপায় জানতে চাই।",Skin
"আমার ত্বকের কালো দাগ হালকা করার জন্য চিকিৎসা প্রয়োজন।",Skin
"আমার খুশকির জন্য চুল পাতলা হয়ে যাচ্ছে।",Skin
"আমার ত্বকের চুলকানির সাথে জ্বালাপোড়াও থাকে।",Skin
"আমার ত্বকে বয়সের ছাপ খুব তাড়াতাড়ি পড়ছে বলে মনে হয়।",Skin
"আমার গলার চামড়ায় অনেকগুলো ছোট ছোট আঁচিল হয়েছে।",Skin
"আমার সারা শরীরে ঘামাচি হয়েছে, খুব চুলকায়।",Skin
"আমার মুখে ব্রণের পাশাপাশি লোমও অনেক বেশি।",Skin
"আমার ত্বকের রঙ জায়গায় জায়গায় আলাদা।",Skin
"আমার পায়ের নখটা হলদে হয়ে গুড়ো হয়ে যাচ্ছে।",Skin
"আমার ত্বকের নিচে একটা শক্ত গোটা, যেটা নড়াচড়া করে।",Skin
"আমার পিঠে অনেক সাদা সাদা দাগ হয়েছে।",Skin
"আমার মাথার ত্বকে এক ধরনের মরা চামড়া জমে থাকে।",Skin
"আমার ত্বকের রঙটা কেমন যেন মেটে বা ছাই রঙের হয়ে গেছে।",Skin
"আমার ব্রণের ভেতরে রক্ত জমে কালো হয়ে আছে।",Skin
"আমার হাতের তালু খুব লাল হয়ে থাকে।",Skin
"আমার ত্বকের ক্ষতস্থান শুকিয়ে যাওয়ার পর খুব চুলকায়।",Skin
"আমার নখের পাশের চামড়া উঠে গিয়ে খুব ব্যথা করে।",Skin
"আমার ত্বকে চুলকানোর পর লম্বা লম্বা লাল দাগ হয়ে যায়।",Skin
"আমার মাথার চুল এত পড়ছে যে টাক দেখা যাচ্ছে।",Skin
"আমার ত্বকের কিছু অংশের রঙ অতিরিক্ত সাদা।",Skin
"আমার মুখের চামড়া খুব পাতলা হওয়ায় লাল রগ দেখা যায়।",Skin
"আমার ঠোঁটের উপরের ত্বকে কালচে ভাব চলে এসেছে।",Skin
"আমার ত্বকের নিচে ছোট ছোট গোটা হয়েছে যা দেখা যায় না কিন্তু হাতে বোঝা যায়।",Skin
"আমি নকল কোনো গয়না পরলেই ওই জায়গার চামড়া লাল হয়ে চুলকায়, আর মাঝে মাঝে ছোট ফোসকা পড়ে।",Skin